date,temp
01/01/81,20.70
02/01/81,17.90
03/01/81,18.80
04/01/81,14.60
05/01/81,15.80
06/01/81,15.80
07/01/81,15.80
08/01/81,17.40
09/01/81,21.80
10/01/81,20.00
11/01/81,16.20
12/01/81,13.30
13/01/81,16.70
14/01/81,21.50
15/01/81,25.00
16/01/81,20.70
17/01/81,20.60
18/01/81,24.80
19/01/81,17.70
20/01/81,15.50
21/01/81,18.20
22/01/81,12.10
23/01/81,14.40
24/01/81,16.00
25/01/81,16.50
26/01/81,18.70
27/01/81,19.40
28/01/81,17.20
29/01/81,15.50
30/01/81,15.10
31/01/81,15.40
01/02/81,15.30
02/02/81,18.80
03/02/81,21.90
04/02/81,19.90
05/02/81,16.60
06/02/81,16.80
07/02/81,14.60
08/02/81,17.10
09/02/81,25.00
10/02/81,15.00
11/02/81,13.70
12/02/81,13.90
13/02/81,18.30
14/02/81,22.00
15/02/81,22.10
16/02/81,21.20
17/02/81,18.40
18/02/81,16.60
19/02/81,16.10
20/02/81,15.70
21/02/81,16.60
22/02/81,16.50
23/02/81,14.40
24/02/81,14.40
25/02/81,18.50
26/02/81,16.90
27/02/81,17.50
28/02/81,21.20
01/03/81,17.80
02/03/81,18.60
03/03/81,17.00
04/03/81,16.00
05/03/81,13.30
06/03/81,14.30
07/03/81,11.40
08/03/81,16.30
09/03/81,16.10
10/03/81,11.80
11/03/81,12.20
12/03/81,14.70
13/03/81,11.80
14/03/81,11.30
15/03/81,10.60
16/03/81,11.70
17/03/81,14.20
18/03/81,11.20
19/03/81,16.90
20/03/81,16.70
21/03/81,8.10
22/03/81,8.00
23/03/81,8.80
24/03/81,13.40
25/03/81,10.90
26/03/81,13.40
27/03/81,11.00
28/03/81,15.00
29/03/81,15.70
30/03/81,14.50
31/03/81,15.80
01/04/81,16.70
02/04/81,16.80
03/04/81,17.50
04/04/81,17.10
05/04/81,18.10
06/04/81,16.60
07/04/81,10.00
08/04/81,14.90
09/04/81,15.90
10/04/81,13.00
11/04/81,7.60
12/04/81,11.50
13/04/81,13.50
14/04/81,13.00
15/04/81,13.30
16/04/81,12.10
17/04/81,12.40
18/04/81,13.20
19/04/81,13.80
20/04/81,10.60
21/04/81,9.00
22/04/81,10.00
23/04/81,9.80
24/04/81,11.50
25/04/81,8.90
26/04/81,7.40
27/04/81,9.90
28/04/81,9.30
29/04/81,9.90
30/04/81,7.40
01/05/81,8.60
02/05/81,11.90
03/05/81,14.00
04/05/81,8.60
05/05/81,10.00
06/05/81,13.50
07/05/81,12.00
08/05/81,10.50
09/05/81,10.70
10/05/81,8.10
11/05/81,10.10
12/05/81,10.60
13/05/81,5.30
14/05/81,6.60
15/05/81,8.50
16/05/81,11.20
17/05/81,9.80
18/05/81,5.90
19/05/81,3.20
20/05/81,2.10
21/05/81,3.40
22/05/81,5.40
23/05/81,9.60
24/05/81,11.50
25/05/81,12.30
26/05/81,12.60
27/05/81,11.00
28/05/81,11.20
29/05/81,11.40
30/05/81,11.80
31/05/81,12.80
01/06/81,11.60
02/06/81,10.60
03/06/81,9.80
04/06/81,11.20
05/06/81,5.70
06/06/81,7.10
07/06/81,2.50
08/06/81,3.50
09/06/81,4.60
10/06/81,11.00
11/06/81,5.70
12/06/81,7.70
13/06/81,10.40
14/06/81,11.40
15/06/81,9.20
16/06/81,6.10
17/06/81,2.70
18/06/81,4.30
19/06/81,6.30
20/06/81,3.80
21/06/81,4.40
22/06/81,7.10
23/06/81,4.80
24/06/81,5.80
25/06/81,6.20
26/06/81,7.30
27/06/81,9.20
28/06/81,10.20
29/06/81,9.50
30/06/81,9.50
01/07/81,10.70
02/07/81,10.00
03/07/81,6.50
04/07/81,7.00
05/07/81,7.40
06/07/81,8.10
07/07/81,6.60
08/07/81,8.30
09/07/81,8.90
10/07/81,4.60
11/07/81,6.80
12/07/81,5.70
13/07/81,6.10
14/07/81,7.00
15/07/81,7.20
16/07/81,6.30
17/07/81,8.80
18/07/81,5.00
19/07/81,7.40
20/07/81,10.10
21/07/81,12.00
22/07/81,9.00
23/07/81,8.90
24/07/81,9.80
25/07/81,9.00
26/07/81,9.20
27/07/81,7.70
28/07/81,8.00
29/07/81,6.10
30/07/81,3.50
31/07/81,3.20
01/08/81,5.70
02/08/81,7.70
03/08/81,9.00
04/08/81,10.00
05/08/81,6.20
06/08/81,6.90
07/08/81,6.50
08/08/81,6.80
09/08/81,7.00
10/08/81,5.20
11/08/81,3.00
12/08/81,5.60
13/08/81,7.90
14/08/81,9.00
15/08/81,8.60
16/08/81,10.30
17/08/81,10.50
18/08/81,7.60
19/08/81,9.70
20/08/81,12.50
21/08/81,7.40
22/08/81,7.90
23/08/81,3.90
24/08/81,6.60
25/08/81,4.60
26/08/81,7.00
27/08/81,6.00
28/08/81,5.50
29/08/81,8.10
30/08/81,5.50
31/08/81,6.20
01/09/81,8.00
02/09/81,10.30
03/09/81,9.80
04/09/81,9.60
05/09/81,8.50
06/09/81,7.50
07/09/81,11.20
08/09/81,14.60
09/09/81,11.70
10/09/81,7.80
11/09/81,12.30
12/09/81,10.10
13/09/81,11.50
14/09/81,7.30
15/09/81,10.90
16/09/81,14.10
17/09/81,10.70
18/09/81,16.90
19/09/81,10.50
20/09/81,6.50
21/09/81,11.00
22/09/81,6.30
23/09/81,10.50
24/09/81,7.20
25/09/81,7.60
26/09/81,10.70
27/09/81,7.80
28/09/81,9.60
29/09/81,11.40
30/09/81,12.40
01/10/81,8.90
02/10/81,13.20
03/10/81,8.60
04/10/81,6.20
05/10/81,11.40
06/10/81,13.20
07/10/81,14.30
08/10/81,7.30
09/10/81,12.90
10/10/81,7.80
11/10/81,6.20
12/10/81,5.60
13/10/81,10.00
14/10/81,13.30
15/10/81,8.30
16/10/81,10.20
17/10/81,8.60
18/10/81,7.30
19/10/81,10.40
20/10/81,11.20
21/10/81,13.20
22/10/81,11.40
23/10/81,9.10
24/10/81,6.60
25/10/81,8.40
26/10/81,9.70
27/10/81,13.20
28/10/81,12.50
29/10/81,11.00
30/10/81,11.00
31/10/81,11.70
01/11/81,9.20
02/11/81,11.50
03/11/81,13.60
04/11/81,13.70
05/11/81,10.40
06/11/81,11.50
07/11/81,7.60
08/11/81,9.60
09/11/81,14.20
10/11/81,15.70
11/11/81,10.50
12/11/81,10.50
13/11/81,9.70
14/11/81,9.50
15/11/81,11.30
16/11/81,8.90
17/11/81,9.40
18/11/81,11.90
19/11/81,11.70
20/11/81,13.40
21/11/81,12.60
22/11/81,10.10
23/11/81,15.80
24/11/81,13.60
25/11/81,11.90
26/11/81,9.90
27/11/81,12.60
28/11/81,17.80
29/11/81,15.00
30/11/81,13.60
01/12/81,13.40
02/12/81,10.50
03/12/81,14.20
04/12/81,11.50
05/12/81,13.00
06/12/81,15.00
07/12/81,14.70
08/12/81,12.60
09/12/81,12.50
10/12/81,13.50
11/12/81,14.80
12/12/81,17.20
13/12/81,9.70
14/12/81,12.10
15/12/81,12.80
16/12/81,11.20
17/12/81,16.40
18/12/81,15.60
19/12/81,13.30
20/12/81,11.00
21/12/81,11.10
22/12/81,15.00
23/12/81,12.80
24/12/81,15.00
25/12/81,14.20
26/12/81,14.00
27/12/81,15.50
28/12/81,13.30
29/12/81,15.60
30/12/81,15.20
31/12/81,17.40
01/01/82,17.00
02/01/82,15.00
03/01/82,13.50
04/01/82,15.20
05/01/82,13.00
06/01/82,12.50
07/01/82,14.10
08/01/82,14.80
09/01/82,16.20
10/01/82,15.80
11/01/82,19.10
12/01/82,22.20
13/01/82,15.90
14/01/82,13.00
15/01/82,14.10
16/01/82,15.80
17/01/82,24.00
18/01/82,18.00
19/01/82,19.70
20/01/82,25.20
21/01/82,20.50
22/01/82,19.30
23/01/82,15.80
24/01/82,17.00
25/01/82,18.40
26/01/82,13.30
27/01/82,14.60
28/01/82,12.50
29/01/82,17.00
30/01/82,17.10
31/01/82,14.00
01/02/82,14.60
02/02/82,13.30
03/02/82,14.80
04/02/82,15.10
05/02/82,13.10
06/02/82,13.60
07/02/82,19.50
08/02/82,22.70
09/02/82,17.20
10/02/82,13.50
11/02/82,15.40
12/02/82,17.00
13/02/82,19.20
14/02/82,22.80
15/02/82,26.30
16/02/82,18.20
17/02/82,17.00
18/02/82,14.80
19/02/82,12.80
20/02/82,15.50
21/02/82,15.60
22/02/82,13.10
23/02/82,15.20
24/02/82,14.10
25/02/82,12.50
26/02/82,14.60
27/02/82,10.40
28/02/82,13.90
01/03/82,11.90
02/03/82,13.50
03/03/82,9.80
04/03/82,14.00
05/03/82,21.50
06/03/82,19.50
07/03/82,16.70
08/03/82,19.10
09/03/82,11.00
10/03/82,9.00
11/03/82,10.00
12/03/82,14.60
13/03/82,12.50
14/03/82,17.20
15/03/82,19.20
16/03/82,22.20
17/03/82,15.70
18/03/82,14.20
19/03/82,9.80
20/03/82,14.00
21/03/82,17.50
22/03/82,20.70
23/03/82,15.60
24/03/82,13.20
25/03/82,14.50
26/03/82,16.80
27/03/82,17.20
28/03/82,13.40
29/03/82,14.20
30/03/82,14.30
31/03/82,10.20
01/04/82,10.40
02/04/82,12.30
03/04/82,11.90
04/04/82,11.20
05/04/82,8.50
06/04/82,12.00
07/04/82,12.40
08/04/82,12.90
09/04/82,10.10
10/04/82,15.00
11/04/82,13.60
12/04/82,12.40
13/04/82,13.60
14/04/82,16.10
15/04/82,19.50
16/04/82,14.20
17/04/82,9.30
18/04/82,10.10
19/04/82,7.40
20/04/82,8.60
21/04/82,7.80
22/04/82,9.10
23/04/82,13.00
24/04/82,16.50
25/04/82,12.90
26/04/82,6.90
27/04/82,6.90
28/04/82,8.70
29/04/82,10.00
30/04/82,10.80
01/05/82,7.50
02/05/82,6.30
03/05/82,11.90
04/05/82,13.80
05/05/82,11.80
06/05/82,11.00
07/05/82,10.10
08/05/82,8.50
09/05/82,5.50
10/05/82,7.60
11/05/82,8.70
12/05/82,10.80
13/05/82,11.20
14/05/82,9.10
15/05/82,3.70
16/05/82,4.60
17/05/82,6.60
18/05/82,13.20
19/05/82,15.20
20/05/82,7.60
21/05/82,8.40
22/05/82,6.00
23/05/82,8.30
24/05/82,8.60
25/05/82,11.10
26/05/82,12.10
27/05/82,12.90
28/05/82,14.00
29/05/82,12.50
30/05/82,11.50
31/05/82,7.00
01/06/82,7.10
02/06/82,9.00
03/06/82,3.10
04/06/82,2.50
05/06/82,2.50
06/06/82,1.60
07/06/82,2.60
08/06/82,5.70
09/06/82,2.30
10/06/82,4.50
11/06/82,8.20
12/06/82,6.90
13/06/82,7.30
14/06/82,6.00
15/06/82,7.30
16/06/82,7.60
17/06/82,8.00
18/06/82,8.00
19/06/82,6.80
20/06/82,7.30
21/06/82,6.20
22/06/82,6.90
23/06/82,8.90
24/06/82,4.00
25/06/82,1.30
26/06/82,0.80
27/06/82,4.30
28/06/82,7.30
29/06/82,7.70
30/06/82,9.00
01/07/82,4.20
02/07/82,1.60
03/07/82,2.60
04/07/82,3.40
05/07/82,3.90
06/07/82,7.00
07/07/82,7.80
08/07/82,5.30
09/07/82,2.40
10/07/82,2.80
11/07/82,4.00
12/07/82,7.50
13/07/82,7.80
14/07/82,5.60
15/07/82,3.30
16/07/82,5.00
17/07/82,3.70
18/07/82,3.90
19/07/82,5.20
20/07/82,0.2
21/07/82,0.8
22/07/82,0.90
23/07/82,3.50
24/07/82,6.60
25/07/82,9.50
26/07/82,9.00
27/07/82,3.50
28/07/82,4.50
29/07/82,5.70
30/07/82,5.60
31/07/82,7.10
01/08/82,9.70
02/08/82,8.30
03/08/82,9.10
04/08/82,2.80
05/08/82,2.20
06/08/82,4.50
07/08/82,3.80
08/08/82,3.80
09/08/82,6.20
10/08/82,11.50
11/08/82,10.20
12/08/82,7.90
13/08/82,9.00
14/08/82,9.50
15/08/82,6.00
16/08/82,8.20
17/08/82,9.20
18/08/82,4.30
19/08/82,6.60
20/08/82,9.40
21/08/82,13.20
22/08/82,6.60
23/08/82,5.10
24/08/82,12.10
25/08/82,11.20
26/08/82,8.50
27/08/82,4.60
28/08/82,7.00
29/08/82,14.20
30/08/82,12.70
31/08/82,7.60
01/09/82,4.00
02/09/82,10.00
03/09/82,10.50
04/09/82,5.00
05/09/82,4.50
06/09/82,8.20
07/09/82,4.30
08/09/82,9.80
09/09/82,5.80
10/09/82,5.00
11/09/82,8.50
12/09/82,9.00
13/09/82,3.60
14/09/82,6.70
15/09/82,6.70
16/09/82,10.10
17/09/82,15.00
18/09/82,8.90
19/09/82,5.70
20/09/82,4.20
21/09/82,4.00
22/09/82,5.30
23/09/82,6.30
24/09/82,8.50
25/09/82,11.50
26/09/82,7.70
27/09/82,9.20
28/09/82,7.80
29/09/82,6.30
30/09/82,6.30
01/10/82,8.60
02/10/82,6.10
03/10/82,13.20
04/10/82,9.90
05/10/82,4.70
06/10/82,5.80
07/10/82,14.90
08/10/82,10.70
09/10/82,8.60
10/10/82,9.40
11/10/82,5.70
12/10/82,10.90
13/10/82,13.10
14/10/82,10.40
15/10/82,8.20
16/10/82,9.80
17/10/82,7.50
18/10/82,5.80
19/10/82,9.80
20/10/82,7.90
21/10/82,8.70
22/10/82,10.00
23/10/82,10.60
24/10/82,8.00
25/10/82,10.20
26/10/82,15.10
27/10/82,13.90
28/10/82,9.20
29/10/82,9.00
30/10/82,13.20
31/10/82,7.00
01/11/82,10.60
02/11/82,6.90
03/11/82,9.50
04/11/82,12.50
05/11/82,13.60
06/11/82,17.70
07/11/82,16.00
08/11/82,11.30
09/11/82,10.50
10/11/82,14.40
11/11/82,10.30
12/11/82,9.00
13/11/82,11.10
14/11/82,14.50
15/11/82,18.00
16/11/82,12.80
17/11/82,10.70
18/11/82,9.10
19/11/82,8.70
20/11/82,12.40
21/11/82,12.60
22/11/82,10.30
23/11/82,13.70
24/11/82,16.00
25/11/82,15.80
26/11/82,12.10
27/11/82,12.50
28/11/82,12.20
29/11/82,13.70
30/11/82,16.10
01/12/82,15.50
02/12/82,10.30
03/12/82,10.50
04/12/82,11.00
05/12/82,11.90
06/12/82,13.00
07/12/82,12.20
08/12/82,10.60
09/12/82,13.00
10/12/82,13.00
11/12/82,12.20
12/12/82,12.60
13/12/82,18.70
14/12/82,15.20
15/12/82,15.30
16/12/82,13.90
17/12/82,15.80
18/12/82,13.00
19/12/82,13.00
20/12/82,13.70
21/12/82,12.00
22/12/82,10.80
23/12/82,15.60
24/12/82,15.30
25/12/82,13.90
26/12/82,13.00
27/12/82,15.30
28/12/82,16.30
29/12/82,15.80
30/12/82,17.70
31/12/82,16.30
01/01/83,18.40
02/01/83,15.00
03/01/83,10.90
04/01/83,11.40
05/01/83,14.80
06/01/83,12.10
07/01/83,12.80
08/01/83,16.20
09/01/83,15.50
10/01/83,13.00
11/01/83,10.50
12/01/83,9.10
13/01/83,10.50
14/01/83,11.80
15/01/83,12.70
16/01/83,12.70
17/01/83,11.50
18/01/83,13.80
19/01/83,13.30
20/01/83,11.60
21/01/83,15.40
22/01/83,12.40
23/01/83,16.90
24/01/83,14.70
25/01/83,10.60
26/01/83,15.60
27/01/83,10.70
28/01/83,12.60
29/01/83,13.80
30/01/83,14.30
31/01/83,14.00
01/02/83,18.10
02/02/83,17.30
03/02/83,13.00
04/02/83,16.00
05/02/83,14.90
06/02/83,16.20
07/02/83,20.30
08/02/83,22.50
09/02/83,17.20
10/02/83,15.90
11/02/83,16.80
12/02/83,13.80
13/02/83,12.80
14/02/83,14.00
15/02/83,17.50
16/02/83,21.50
17/02/83,16.80
18/02/83,13.60
19/02/83,14.50
20/02/83,14.20
21/02/83,15.70
22/02/83,19.70
23/02/83,17.40
24/02/83,14.40
25/02/83,16.90
26/02/83,19.10
27/02/83,20.40
28/02/83,20.10
01/03/83,19.90
02/03/83,22.00
03/03/83,20.50
04/03/83,22.10
05/03/83,20.60
06/03/83,15.00
07/03/83,20.60
08/03/83,21.50
09/03/83,16.20
10/03/83,14.10
11/03/83,14.50
12/03/83,21.10
13/03/83,15.90
14/03/83,15.20
15/03/83,13.10
16/03/83,13.20
17/03/83,12.50
18/03/83,15.20
19/03/83,17.60
20/03/83,15.50
21/03/83,16.70
22/03/83,16.30
23/03/83,15.10
24/03/83,12.70
25/03/83,10.00
26/03/83,11.40
27/03/83,12.60
28/03/83,10.70
29/03/83,10.00
30/03/83,13.90
31/03/83,13.40
01/04/83,12.50
02/04/83,12.80
03/04/83,7.80
04/04/83,11.10
05/04/83,10.70
06/04/83,7.10
07/04/83,6.70
08/04/83,5.70
09/04/83,9.10
10/04/83,15.20
11/04/83,15.50
12/04/83,11.10
13/04/83,11.70
14/04/83,11.50
15/04/83,9.80
16/04/83,6.20
17/04/83,6.70
18/04/83,7.50
19/04/83,8.80
20/04/83,8.00
21/04/83,10.40
22/04/83,14.50
23/04/83,16.50
24/04/83,14.10
25/04/83,10.50
26/04/83,12.60
27/04/83,13.00
28/04/83,8.70
29/04/83,10.10
30/04/83,12.00
01/05/83,12.50
02/05/83,13.50
03/05/83,13.70
04/05/83,13.50
05/05/83,10.70
06/05/83,13.00
07/05/83,11.60
08/05/83,13.00
09/05/83,11.20
10/05/83,13.50
11/05/83,12.90
12/05/83,6.80
13/05/83,10.00
14/05/83,14.50
15/05/83,11.70
16/05/83,6.70
17/05/83,4.60
18/05/83,4.90
19/05/83,7.40
20/05/83,8.30
21/05/83,7.50
22/05/83,6.20
23/05/83,7.80
24/05/83,13.20
25/05/83,11.90
26/05/83,6.50
27/05/83,8.30
28/05/83,12.10
29/05/83,9.30
30/05/83,7.50
31/05/83,9.30
01/06/83,11.00
02/06/83,10.80
03/06/83,5.30
04/06/83,7.60
05/06/83,5.60
06/06/83,7.20
07/06/83,9.60
08/06/83,7.00
09/06/83,8.30
10/06/83,7.80
11/06/83,4.70
12/06/83,6.80
13/06/83,7.20
14/06/83,8.30
15/06/83,9.50
16/06/83,4.70
17/06/83,3.00
18/06/83,1.50
19/06/83,2.50
20/06/83,6.20
21/06/83,11.60
22/06/83,6.60
23/06/83,6.60
24/06/83,8.00
25/06/83,7.90
26/06/83,3.30
27/06/83,3.90
28/06/83,6.00
29/06/83,4.00
30/06/83,5.50
01/07/83,8.50
02/07/83,9.80
03/07/83,9.50
04/07/83,7.20
05/07/83,8.10
06/07/83,8.00
07/07/83,8.50
08/07/83,8.80
09/07/83,8.30
10/07/83,2.40
11/07/83,4.90
12/07/83,5.90
13/07/83,6.70
14/07/83,8.40
15/07/83,6.50
16/07/83,7.90
17/07/83,4.10
18/07/83,5.40
19/07/83,7.50
20/07/83,3.90
21/07/83,2.50
22/07/83,5.30
23/07/83,6.60
24/07/83,6.60
25/07/83,0.70
26/07/83,7.60
27/07/83,12.30
28/07/83,9.20
29/07/83,9.60
30/07/83,9.50
31/07/83,10.00
01/08/83,7.70
02/08/83,8.00
03/08/83,8.30
04/08/83,8.30
05/08/83,4.50
06/08/83,6.50
07/08/83,9.40
08/08/83,9.40
09/08/83,10.50
10/08/83,10.70
11/08/83,9.90
12/08/83,7.60
13/08/83,5.80
14/08/83,8.50
15/08/83,13.80
16/08/83,14.30
17/08/83,8.30
18/08/83,5.30
19/08/83,3.00
20/08/83,5.20
21/08/83,10.30
22/08/83,11.10
23/08/83,10.50
24/08/83,9.00
25/08/83,13.00
26/08/83,6.40
27/08/83,8.40
28/08/83,6.70
29/08/83,8.30
30/08/83,11.20
31/08/83,10.00
01/09/83,10.10
02/09/83,10.60
03/09/83,10.90
04/09/83,5.70
05/09/83,9.50
06/09/83,10.40
07/09/83,11.10
08/09/83,12.20
09/09/83,10.60
10/09/83,8.80
11/09/83,9.20
12/09/83,5.50
13/09/83,7.10
14/09/83,6.50
15/09/83,4.30
16/09/83,5.00
17/09/83,11.20
18/09/83,7.50
19/09/83,12.00
20/09/83,13.60
21/09/83,8.30
22/09/83,8.50
23/09/83,12.90
24/09/83,7.70
25/09/83,7.60
26/09/83,3.50
27/09/83,10.40
28/09/83,15.40
29/09/83,10.60
30/09/83,9.60
01/10/83,9.30
02/10/83,13.90
03/10/83,7.70
04/10/83,9.50
05/10/83,7.60
06/10/83,6.90
07/10/83,6.80
08/10/83,5.80
09/10/83,6.00
10/10/83,8.30
11/10/83,9.10
12/10/83,12.50
13/10/83,13.20
14/10/83,16.20
15/10/83,12.50
16/10/83,11.80
17/10/83,10.60
18/10/83,10.00
19/10/83,12.20
20/10/83,8.90
21/10/83,10.30
22/10/83,7.50
23/10/83,11.60
24/10/83,12.60
25/10/83,12.90
26/10/83,11.70
27/10/83,14.00
28/10/83,12.30
29/10/83,9.00
30/10/83,9.20
31/10/83,9.80
01/11/83,11.80
02/11/83,10.60
03/11/83,12.60
04/11/83,11.00
05/11/83,8.20
06/11/83,7.50
07/11/83,13.60
08/11/83,14.80
09/11/83,10.90
10/11/83,7.70
11/11/83,10.20
12/11/83,10.80
13/11/83,10.80
14/11/83,12.50
15/11/83,13.20
16/11/83,8.70
17/11/83,5.70
18/11/83,9.80
19/11/83,7.30
20/11/83,10.80
21/11/83,10.00
22/11/83,16.20
23/11/83,15.00
24/11/83,14.50
25/11/83,15.90
26/11/83,14.90
27/11/83,14.20
28/11/83,15.80
29/11/83,17.20
30/11/83,17.60
01/12/83,12.10
02/12/83,11.40
03/12/83,13.00
04/12/83,13.20
05/12/83,12.00
06/12/83,15.30
07/12/83,12.70
08/12/83,12.10
09/12/83,13.80
10/12/83,10.90
11/12/83,12.00
12/12/83,16.50
13/12/83,15.00
14/12/83,11.20
15/12/83,13.90
16/12/83,15.00
17/12/83,14.80
18/12/83,15.00
19/12/83,13.30
20/12/83,20.40
21/12/83,18.00
22/12/83,12.20
23/12/83,16.70
24/12/83,13.80
25/12/83,17.50
26/12/83,15.00
27/12/83,13.90
28/12/83,11.10
29/12/83,16.10
30/12/83,20.40
31/12/83,18.00
01/01/84,19.50
02/01/84,17.10
03/01/84,17.10
04/01/84,12.00
05/01/84,11.00
06/01/84,16.30
07/01/84,16.10
08/01/84,13.00
09/01/84,13.40
10/01/84,15.20
11/01/84,12.50
12/01/84,14.30
13/01/84,16.50
14/01/84,18.60
15/01/84,18.00
16/01/84,18.20
17/01/84,11.40
18/01/84,11.90
19/01/84,12.20
20/01/84,14.80
21/01/84,13.10
22/01/84,12.70
23/01/84,10.50
24/01/84,13.80
25/01/84,18.80
26/01/84,13.90
27/01/84,11.20
28/01/84,10.60
29/01/84,14.70
30/01/84,13.10
31/01/84,12.10
01/02/84,14.70
02/02/84,11.10
03/02/84,13.00
04/02/84,15.60
05/02/84,14.20
06/02/84,15.50
07/02/84,18.00
08/02/84,15.00
09/02/84,15.90
10/02/84,15.50
11/02/84,15.80
12/02/84,16.60
13/02/84,13.60
14/02/84,13.80
15/02/84,14.60
16/02/84,15.60
17/02/84,16.60
18/02/84,14.30
19/02/84,16.30
20/02/84,18.90
21/02/84,18.70
22/02/84,14.50
23/02/84,16.50
24/02/84,14.10
25/02/84,13.50
26/02/84,11.70
27/02/84,15.10
28/02/84,11.20
29/02/84,13.50
01/03/84,12.60
02/03/84,8.80
03/03/84,10.50
04/03/84,12.10
05/03/84,14.50
06/03/84,19.50
07/03/84,14.00
08/03/84,13.80
09/03/84,10.50
10/03/84,13.80
11/03/84,11.40
12/03/84,15.60
13/03/84,11.10
14/03/84,12.10
15/03/84,14.20
16/03/84,10.90
17/03/84,14.20
18/03/84,13.80
19/03/84,15.10
20/03/84,14.00
21/03/84,12.10
22/03/84,13.80
23/03/84,16.60
24/03/84,17.80
25/03/84,9.40
26/03/84,10.20
27/03/84,7.40
28/03/84,8.70
29/03/84,14.00
30/03/84,15.30
31/03/84,11.10
01/04/84,9.70
02/04/84,10.30
03/04/84,9.20
04/04/84,8.20
05/04/84,9.70
06/04/84,12.40
07/04/84,12.50
08/04/84,9.00
09/04/84,9.70
10/04/84,10.10
11/04/84,11.20
12/04/84,12.00
13/04/84,11.10
14/04/84,10.80
15/04/84,12.80
16/04/84,9.80
17/04/84,13.70
18/04/84,11.00
19/04/84,13.20
20/04/84,13.00
21/04/84,10.20
22/04/84,13.20
23/04/84,9.30
24/04/84,11.10
25/04/84,10.30
26/04/84,8.70
27/04/84,11.70
28/04/84,12.50
29/04/84,6.50
30/04/84,9.60
01/05/84,13.80
02/05/84,14.70
03/05/84,9.10
04/05/84,4.80
05/05/84,3.30
06/05/84,3.50
07/05/84,5.70
08/05/84,5.50
09/05/84,7.00
10/05/84,9.50
11/05/84,9.90
12/05/84,4.90
13/05/84,6.30
14/05/84,4.80
15/05/84,6.20
16/05/84,7.10
17/05/84,7.50
18/05/84,9.40
19/05/84,8.70
20/05/84,9.50
21/05/84,12.10
22/05/84,9.50
23/05/84,9.30
24/05/84,8.50
25/05/84,8.00
26/05/84,9.80
27/05/84,6.20
28/05/84,7.30
29/05/84,10.90
30/05/84,10.00
31/05/84,8.70
01/06/84,9.00
02/06/84,10.80
03/06/84,12.40
04/06/84,7.20
05/06/84,7.20
06/06/84,11.10
07/06/84,9.30
08/06/84,10.10
09/06/84,3.90
10/06/84,5.00
11/06/84,8.20
12/06/84,2.80
13/06/84,4.30
14/06/84,8.10
15/06/84,11.10
16/06/84,4.70
17/06/84,5.30
18/06/84,10.00
19/06/84,5.60
20/06/84,2.20
21/06/84,7.10
22/06/84,8.30
23/06/84,8.60
24/06/84,10.10
25/06/84,8.30
26/06/84,7.20
27/06/84,7.70
28/06/84,7.80
29/06/84,9.10
30/06/84,9.40
01/07/84,7.80
02/07/84,2.60
03/07/84,2.40
04/07/84,3.90
05/07/84,1.30
06/07/84,2.10
07/07/84,7.40
08/07/84,7.20
09/07/84,8.80
10/07/84,8.90
11/07/84,8.80
12/07/84,8.00
13/07/84,0.70
14/07/84,0.1
15/07/84,0.90
16/07/84,7.80
17/07/84,7.20
18/07/84,8.00
19/07/84,4.60
20/07/84,5.20
21/07/84,5.80
22/07/84,6.80
23/07/84,8.10
24/07/84,7.50
25/07/84,5.40
26/07/84,4.60
27/07/84,6.40
28/07/84,9.70
29/07/84,7.00
30/07/84,10.00
31/07/84,10.60
01/08/84,11.50
02/08/84,10.20
03/08/84,11.10
04/08/84,11.00
05/08/84,8.90
06/08/84,9.90
07/08/84,11.70
08/08/84,11.60
09/08/84,9.00
10/08/84,6.30
11/08/84,8.70
12/08/84,8.50
13/08/84,8.50
14/08/84,8.00
15/08/84,6.00
16/08/84,8.00
17/08/84,8.50
18/08/84,7.70
19/08/84,8.40
20/08/84,9.00
21/08/84,8.30
22/08/84,6.80
23/08/84,9.30
24/08/84,6.70
25/08/84,9.00
26/08/84,7.30
27/08/84,6.30
28/08/84,7.90
29/08/84,5.20
30/08/84,9.00
31/08/84,11.30
01/09/84,9.20
02/09/84,11.30
03/09/84,7.00
04/09/84,8.00
05/09/84,4.60
06/09/84,8.50
07/09/84,9.50
08/09/84,9.40
09/09/84,10.50
10/09/84,9.70
11/09/84,4.90
12/09/84,8.00
13/09/84,5.80
14/09/84,5.50
15/09/84,10.90
16/09/84,11.70
17/09/84,9.20
18/09/84,8.90
19/09/84,11.30
20/09/84,8.60
21/09/84,6.20
22/09/84,6.60
23/09/84,9.10
24/09/84,6.10
25/09/84,7.50
26/09/84,10.70
27/09/84,6.30
28/09/84,5.50
29/09/84,6.70
30/09/84,4.20
01/10/84,11.30
02/10/84,16.30
03/10/84,10.50
04/10/84,10.30
05/10/84,7.90
06/10/84,7.70
07/10/84,16.00
08/10/84,14.60
09/10/84,12.50
10/10/84,8.10
11/10/84,12.20
12/10/84,17.20
13/10/84,9.40
14/10/84,8.70
15/10/84,5.90
16/10/84,4.80
17/10/84,7.40
18/10/84,9.40
19/10/84,9.70
20/10/84,9.90
21/10/84,6.50
22/10/84,9.80
23/10/84,18.20
24/10/84,11.30
25/10/84,9.10
26/10/84,9.60
27/10/84,13.50
28/10/84,10.70
29/10/84,10.00
30/10/84,8.50
31/10/84,12.60
01/11/84,16.60
02/11/84,11.60
03/11/84,12.20
04/11/84,11.20
05/11/84,9.20
06/11/84,9.90
07/11/84,11.90
08/11/84,15.60
09/11/84,19.00
10/11/84,12.80
11/11/84,12.20
12/11/84,12.00
13/11/84,11.10
14/11/84,11.80
15/11/84,7.60
16/11/84,13.00
17/11/84,12.70
18/11/84,16.00
19/11/84,14.80
20/11/84,14.20
21/11/84,10.00
22/11/84,8.80
23/11/84,11.60
24/11/84,8.60
25/11/84,14.60
26/11/84,24.30
27/11/84,11.60
28/11/84,10.80
29/11/84,12.00
30/11/84,11.00
01/12/84,12.60
02/12/84,10.80
03/12/84,9.10
04/12/84,11.00
05/12/84,13.00
06/12/84,12.80
07/12/84,9.90
08/12/84,11.60
09/12/84,10.50
10/12/84,15.90
11/12/84,12.20
12/12/84,13.00
13/12/84,12.50
14/12/84,12.50
15/12/84,11.40
16/12/84,12.10
17/12/84,16.80
18/12/84,12.10
19/12/84,11.30
20/12/84,10.40
21/12/84,14.20
22/12/84,11.40
23/12/84,13.70
24/12/84,16.50
25/12/84,12.80
26/12/84,12.20
27/12/84,12.00
28/12/84,12.60
29/12/84,16.00
30/12/84,16.40
01/01/85,13.30
02/01/85,15.20
03/01/85,13.10
04/01/85,12.70
05/01/85,14.60
06/01/85,11.00
07/01/85,13.20
08/01/85,12.20
09/01/85,14.40
10/01/85,13.70
11/01/85,14.50
12/01/85,14.10
13/01/85,14.40
14/01/85,19.70
15/01/85,16.50
16/01/85,15.90
17/01/85,11.80
18/01/85,12.00
19/01/85,11.40
20/01/85,14.40
21/01/85,12.40
22/01/85,15.10
23/01/85,15.60
24/01/85,15.20
25/01/85,12.80
26/01/85,13.30
27/01/85,17.50
28/01/85,15.40
29/01/85,13.50
30/01/85,16.70
31/01/85,15.20
01/02/85,14.90
02/02/85,10.20
03/02/85,13.60
04/02/85,19.00
05/02/85,15.70
06/02/85,18.00
07/02/85,14.80
08/02/85,13.90
09/02/85,13.00
10/02/85,15.30
11/02/85,14.30
12/02/85,15.60
13/02/85,16.00
14/02/85,14.90
15/02/85,11.10
16/02/85,14.80
17/02/85,13.00
18/02/85,12.20
19/02/85,10.90
20/02/85,14.60
21/02/85,16.60
22/02/85,18.10
23/02/85,13.40
24/02/85,10.30
25/02/85,13.60
26/02/85,13.80
27/02/85,10.30
28/02/85,11.00
01/03/85,14.30
02/03/85,15.50
03/03/85,14.70
04/03/85,12.70
05/03/85,10.70
06/03/85,12.60
07/03/85,9.80
08/03/85,13.20
09/03/85,15.20
10/03/85,16.60
11/03/85,21.00
12/03/85,22.40
13/03/85,17.00
14/03/85,21.70
15/03/85,21.40
16/03/85,18.60
17/03/85,16.20
18/03/85,16.80
19/03/85,17.00
20/03/85,18.40
21/03/85,17.20
22/03/85,18.40
23/03/85,18.80
24/03/85,16.50
25/03/85,13.30
26/03/85,12.20
27/03/85,11.30
28/03/85,13.80
29/03/85,16.60
30/03/85,14.00
31/03/85,14.30
01/04/85,16.40
02/04/85,11.90
03/04/85,15.70
04/04/85,17.60
05/04/85,17.50
06/04/85,15.90
07/04/85,16.20
08/04/85,16.00
09/04/85,15.90
10/04/85,16.20
11/04/85,16.20
12/04/85,19.50
13/04/85,18.20
14/04/85,21.80
15/04/85,15.10
16/04/85,11.00
17/04/85,8.10
18/04/85,9.50
19/04/85,9.30
20/04/85,10.60
21/04/85,6.30
22/04/85,8.60
23/04/85,6.80
24/04/85,8.70
25/04/85,8.40
26/04/85,9.30
27/04/85,10.00
28/04/85,10.50
29/04/85,12.00
30/04/85,10.10
01/05/85,9.40
02/05/85,10.10
03/05/85,8.00
04/05/85,10.60
05/05/85,13.60
06/05/85,15.40
07/05/85,9.00
08/05/85,10.40
09/05/85,11.00
10/05/85,12.10
11/05/85,13.40
12/05/85,11.30
13/05/85,6.70
14/05/85,9.80
15/05/85,10.80
16/05/85,7.80
17/05/85,4.50
18/05/85,7.60
19/05/85,6.90
20/05/85,7.50
21/05/85,8.50
22/05/85,5.50
23/05/85,9.50
24/05/85,7.30
25/05/85,5.40
26/05/85,5.50
27/05/85,8.10
28/05/85,11.20
29/05/85,13.40
30/05/85,11.60
31/05/85,10.10
01/06/85,4.30
02/06/85,5.50
03/06/85,4.40
04/06/85,5.90
05/06/85,5.70
06/06/85,8.20
07/06/85,8.20
08/06/85,4.20
09/06/85,6.50
10/06/85,10.00
11/06/85,8.80
12/06/85,6.60
13/06/85,7.80
14/06/85,10.10
15/06/85,7.10
16/06/85,7.70
17/06/85,8.50
18/06/85,7.30
19/06/85,6.90
20/06/85,8.40
21/06/85,7.10
22/06/85,6.30
23/06/85,0.60
24/06/85,1.60
25/06/85,7.00
26/06/85,8.30
27/06/85,8.00
28/06/85,10.20
29/06/85,10.60
30/06/85,10.40
01/07/85,11.60
02/07/85,11.00
03/07/85,10.70
04/07/85,7.30
05/07/85,4.20
06/07/85,4.70
07/07/85,5.60
08/07/85,7.70
09/07/85,7.50
10/07/85,4.90
11/07/85,5.90
12/07/85,7.80
13/07/85,5.80
14/07/85,7.00
15/07/85,8.40
16/07/85,6.20
17/07/85,7.50
18/07/85,4.80
19/07/85,3.30
20/07/85,3.20
21/07/85,7.00
22/07/85,8.40
23/07/85,0.30
24/07/85,0.30
25/07/85,2.10
26/07/85,8.50
27/07/85,1.40
28/07/85,4.10
29/07/85,10.30
30/07/85,6.60
31/07/85,6.10
01/08/85,7.00
02/08/85,5.10
03/08/85,6.30
04/08/85,6.90
05/08/85,11.40
06/08/85,10.40
07/08/85,10.30
08/08/85,9.20
09/08/85,7.20
10/08/85,7.50
11/08/85,4.00
12/08/85,5.60
13/08/85,6.70
14/08/85,8.40
15/08/85,11.00
16/08/85,8.40
17/08/85,8.80
18/08/85,8.60
19/08/85,8.30
20/08/85,4.00
21/08/85,3.60
22/08/85,5.70
23/08/85,10.60
24/08/85,6.90
25/08/85,10.00
26/08/85,9.80
27/08/85,7.20
28/08/85,10.50
29/08/85,3.60
30/08/85,5.30
31/08/85,8.40
01/09/85,10.30
02/09/85,7.90
03/09/85,8.50
04/09/85,7.90
05/09/85,8.00
06/09/85,9.80
07/09/85,6.70
08/09/85,4.80
09/09/85,9.90
10/09/85,12.80
11/09/85,10.90
12/09/85,11.70
13/09/85,11.70
14/09/85,11.00
15/09/85,8.20
16/09/85,7.50
17/09/85,5.40
18/09/85,7.20
19/09/85,9.70
20/09/85,8.40
21/09/85,9.00
22/09/85,8.70
23/09/85,6.60
24/09/85,11.60
25/09/85,13.10
26/09/85,6.70
27/09/85,6.50
28/09/85,7.70
29/09/85,8.70
30/09/85,7.20
01/10/85,10.50
02/10/85,8.60
03/10/85,7.20
04/10/85,11.40
05/10/85,16.20
06/10/85,6.10
07/10/85,9.60
08/10/85,11.10
09/10/85,13.60
10/10/85,10.70
11/10/85,14.70
12/10/85,11.60
13/10/85,7.30
14/10/85,8.00
15/10/85,9.60
16/10/85,16.00
17/10/85,15.10
18/10/85,12.80
19/10/85,6.20
20/10/85,7.10
21/10/85,8.40
22/10/85,10.00
23/10/85,12.70
24/10/85,10.00
25/10/85,10.20
26/10/85,6.50
27/10/85,9.20
28/10/85,11.90
29/10/85,14.70
30/10/85,11.40
31/10/85,6.80
01/11/85,7.40
02/11/85,11.20
03/11/85,9.20
04/11/85,12.60
05/11/85,16.00
06/11/85,17.10
07/11/85,15.30
08/11/85,13.30
09/11/85,15.40
10/11/85,13.20
11/11/85,14.40
12/11/85,14.00
13/11/85,15.50
14/11/85,21.00
15/11/85,10.00
16/11/85,9.60
17/11/85,12.00
18/11/85,12.20
19/11/85,11.30
20/11/85,13.20
21/11/85,10.50
22/11/85,10.10
23/11/85,8.80
24/11/85,13.70
25/11/85,16.20
26/11/85,16.00
27/11/85,14.00
28/11/85,13.70
29/11/85,12.50
30/11/85,12.80
01/12/85,12.30
02/12/85,15.20
03/12/85,15.00
04/12/85,16.40
05/12/85,16.10
06/12/85,14.60
07/12/85,18.20
08/12/85,16.40
09/12/85,16.60
10/12/85,14.70
11/12/85,15.80
12/12/85,14.10
13/12/85,13.50
14/12/85,13.60
15/12/85,13.70
16/12/85,13.60
17/12/85,12.10
18/12/85,12.70
19/12/85,13.30
20/12/85,14.20
21/12/85,15.00
22/12/85,13.70
23/12/85,12.00
24/12/85,13.10
25/12/85,13.20
26/12/85,13.30
27/12/85,11.50
28/12/85,10.80
29/12/85,12.00
30/12/85,16.30
31/12/85,14.40
01/01/86,12.90
02/01/86,13.80
03/01/86,10.60
04/01/86,12.60
05/01/86,13.70
06/01/86,12.60
07/01/86,13.10
08/01/86,15.40
09/01/86,11.90
10/01/86,13.80
11/01/86,14.40
12/01/86,15.20
13/01/86,12.50
14/01/86,12.20
15/01/86,16.10
16/01/86,14.60
17/01/86,11.60
18/01/86,13.10
19/01/86,12.80
20/01/86,15.20
21/01/86,13.80
22/01/86,15.00
23/01/86,13.50
24/01/86,11.80
25/01/86,15.30
26/01/86,13.50
27/01/86,15.30
28/01/86,13.80
29/01/86,15.80
30/01/86,17.40
31/01/86,15.30
01/02/86,14.60
02/02/86,14.80
03/02/86,10.70
04/02/86,11.60
05/02/86,13.60
06/02/86,14.40
07/02/86,11.80
08/02/86,15.80
09/02/86,16.00
10/02/86,11.80
11/02/86,14.50
12/02/86,10.70
13/02/86,14.20
14/02/86,19.50
15/02/86,21.40
16/02/86,17.90
17/02/86,17.40
18/02/86,12.70
19/02/86,13.80
20/02/86,14.00
21/02/86,15.00
22/02/86,14.50
23/02/86,13.10
24/02/86,11.40
25/02/86,12.50
26/02/86,12.00
27/02/86,13.40
28/02/86,14.40
01/03/86,17.70
02/03/86,13.90
03/03/86,13.30
04/03/86,14.60
05/03/86,16.40
06/03/86,16.80
07/03/86,20.00
08/03/86,12.50
09/03/86,12.70
10/03/86,11.70
11/03/86,12.70
12/03/86,8.60
13/03/86,11.90
14/03/86,16.00
15/03/86,15.20
16/03/86,13.40
17/03/86,11.60
18/03/86,11.10
19/03/86,15.60
20/03/86,17.00
21/03/86,18.50
22/03/86,17.40
23/03/86,16.50
24/03/86,16.20
25/03/86,16.10
26/03/86,13.20
27/03/86,18.00
28/03/86,12.80
29/03/86,11.70
30/03/86,16.70
31/03/86,15.60
01/04/86,10.20
02/04/86,10.30
03/04/86,15.00
04/04/86,18.00
05/04/86,13.80
06/04/86,10.50
07/04/86,11.80
08/04/86,7.20
09/04/86,11.60
10/04/86,7.40
11/04/86,14.20
12/04/86,12.20
13/04/86,9.00
14/04/86,12.30
15/04/86,19.70
16/04/86,12.80
17/04/86,12.40
18/04/86,12.00
19/04/86,12.00
20/04/86,11.10
21/04/86,12.70
22/04/86,14.20
23/04/86,11.60
24/04/86,12.00
25/04/86,11.50
26/04/86,8.30
27/04/86,10.50
28/04/86,9.00
29/04/86,6.90
30/04/86,9.40
01/05/86,11.10
02/05/86,9.10
03/05/86,7.70
04/05/86,10.00
05/05/86,10.40
06/05/86,8.00
07/05/86,9.80
08/05/86,12.40
09/05/86,12.90
10/05/86,12.30
11/05/86,6.90
12/05/86,10.50
13/05/86,11.00
14/05/86,9.70
15/05/86,11.10
16/05/86,11.50
17/05/86,13.40
18/05/86,10.90
19/05/86,12.00
20/05/86,12.10
21/05/86,10.40
22/05/86,10.00
23/05/86,9.60
24/05/86,11.30
25/05/86,8.50
26/05/86,6.30
27/05/86,8.20
28/05/86,10.70
29/05/86,10.30
30/05/86,9.50
31/05/86,10.90
01/06/86,10.90
02/06/86,4.30
03/06/86,5.20
04/06/86,11.00
05/06/86,11.60
06/06/86,10.60
07/06/86,9.40
08/06/86,10.00
09/06/86,9.60
10/06/86,9.50
11/06/86,9.70
12/06/86,9.60
13/06/86,7.00
14/06/86,7.00
15/06/86,6.80
16/06/86,6.90
17/06/86,8.00
18/06/86,7.60
19/06/86,8.60
20/06/86,5.70
21/06/86,5.50
22/06/86,5.70
23/06/86,5.70
24/06/86,6.60
25/06/86,6.00
26/06/86,6.90
27/06/86,7.70
28/06/86,8.00
29/06/86,3.90
30/06/86,0.80
01/07/86,2.80
02/07/86,8.00
03/07/86,9.80
04/07/86,11.40
05/07/86,8.60
06/07/86,5.20
07/07/86,6.60
08/07/86,5.70
09/07/86,4.60
10/07/86,5.80
11/07/86,7.00
12/07/86,4.80
13/07/86,4.40
14/07/86,4.40
15/07/86,7.90
16/07/86,10.60
17/07/86,5.00
18/07/86,7.60
19/07/86,9.20
20/07/86,9.70
21/07/86,8.80
22/07/86,6.80
23/07/86,9.40
24/07/86,11.00
25/07/86,2.50
26/07/86,2.10
27/07/86,5.40
28/07/86,6.20
29/07/86,7.80
30/07/86,7.40
31/07/86,9.30
01/08/86,9.30
02/08/86,9.50
03/08/86,8.50
04/08/86,10.00
05/08/86,7.70
06/08/86,9.30
07/08/86,9.10
08/08/86,3.50
09/08/86,3.60
10/08/86,2.50
11/08/86,1.70
12/08/86,2.70
13/08/86,2.90
14/08/86,5.30
15/08/86,7.70
16/08/86,9.10
17/08/86,9.40
18/08/86,7.30
19/08/86,8.40
20/08/86,9.20
21/08/86,6.60
22/08/86,9.70
23/08/86,12.40
24/08/86,10.20
25/08/86,5.90
26/08/86,7.10
27/08/86,7.50
28/08/86,9.70
29/08/86,12.20
30/08/86,5.60
31/08/86,5.40
01/09/86,8.30
02/09/86,10.60
03/09/86,9.10
04/09/86,11.30
05/09/86,10.90
06/09/86,8.90
07/09/86,6.30
08/09/86,9.00
09/09/86,6.10
10/09/86,9.10
11/09/86,9.60
12/09/86,6.00
13/09/86,10.00
14/09/86,11.00
15/09/86,6.20
16/09/86,8.30
17/09/86,11.30
18/09/86,11.30
19/09/86,6.70
20/09/86,6.60
21/09/86,11.40
22/09/86,6.90
23/09/86,10.60
24/09/86,8.60
25/09/86,11.30
26/09/86,12.50
27/09/86,9.90
28/09/86,6.90
29/09/86,5.50
30/09/86,7.80
01/10/86,11.00
02/10/86,16.20
03/10/86,9.90
04/10/86,8.70
05/10/86,10.50
06/10/86,12.20
07/10/86,10.60
08/10/86,8.30
09/10/86,5.50
10/10/86,9.00
11/10/86,6.40
12/10/86,7.20
13/10/86,12.90
14/10/86,12.00
15/10/86,7.30
16/10/86,9.70
17/10/86,8.40
18/10/86,14.70
19/10/86,9.50
20/10/86,7.90
21/10/86,6.80
22/10/86,12.60
23/10/86,5.20
24/10/86,7.50
25/10/86,8.70
26/10/86,7.60
27/10/86,9.00
28/10/86,7.20
29/10/86,10.70
30/10/86,13.10
31/10/86,13.90
01/11/86,10.80
02/11/86,10.40
03/11/86,9.10
04/11/86,16.00
05/11/86,21.00
06/11/86,16.20
07/11/86,8.60
08/11/86,9.20
09/11/86,12.50
10/11/86,9.70
11/11/86,12.50
12/11/86,10.30
13/11/86,12.00
14/11/86,11.00
15/11/86,14.80
16/11/86,15.00
17/11/86,15.30
18/11/86,10.30
19/11/86,10.70
20/11/86,10.50
21/11/86,8.90
22/11/86,8.10
23/11/86,11.50
24/11/86,12.80
25/11/86,9.10
26/11/86,14.60
27/11/86,11.60
28/11/86,11.20
29/11/86,12.60
30/11/86,7.50
01/12/86,11.00
02/12/86,14.50
03/12/86,18.50
04/12/86,15.40
05/12/86,13.10
06/12/86,16.30
07/12/86,20.20
08/12/86,11.50
09/12/86,12.40
10/12/86,10.90
11/12/86,12.70
12/12/86,12.20
13/12/86,12.40
14/12/86,9.80
15/12/86,8.50
16/12/86,14.70
17/12/86,12.00
18/12/86,10.30
19/12/86,11.00
20/12/86,10.20
21/12/86,12.60
22/12/86,11.60
23/12/86,9.70
24/12/86,13.40
25/12/86,10.50
26/12/86,14.70
27/12/86,14.60
28/12/86,14.20
29/12/86,13.20
30/12/86,11.70
31/12/86,17.20
01/01/87,12.30
02/01/87,13.80
03/01/87,15.30
04/01/87,15.60
05/01/87,16.20
06/01/87,16.30
07/01/87,16.80
08/01/87,11.00
09/01/87,8.50
10/01/87,13.20
11/01/87,13.00
12/01/87,12.40
13/01/87,13.00
14/01/87,16.60
15/01/87,12.00
16/01/87,12.40
17/01/87,15.00
18/01/87,11.80
19/01/87,11.60
20/01/87,12.20
21/01/87,13.70
22/01/87,11.20
23/01/87,12.40
24/01/87,11.50
25/01/87,13.80
26/01/87,15.70
27/01/87,12.90
28/01/87,11.50
29/01/87,11.00
30/01/87,12.70
31/01/87,14.90
01/02/87,16.50
02/02/87,12.80
03/02/87,12.70
04/02/87,12.70
05/02/87,11.60
06/02/87,13.30
07/02/87,15.20
08/02/87,16.40
09/02/87,11.90
10/02/87,15.10
11/02/87,10.60
12/02/87,13.60
13/02/87,12.10
14/02/87,16.00
15/02/87,16.80
16/02/87,16.60
17/02/87,15.60
18/02/87,15.20
19/02/87,17.70
20/02/87,21.00
21/02/87,13.40
22/02/87,10.50
23/02/87,9.50
24/02/87,12.00
25/02/87,10.40
26/02/87,11.50
27/02/87,13.20
28/02/87,15.00
01/03/87,14.10
02/03/87,12.40
03/03/87,13.40
04/03/87,12.50
05/03/87,14.30
06/03/87,17.60
07/03/87,10.40
08/03/87,9.90
09/03/87,10.20
10/03/87,11.30
11/03/87,9.50
12/03/87,11.80
13/03/87,11.50
14/03/87,10.50
15/03/87,10.80
16/03/87,13.00
17/03/87,18.50
18/03/87,18.70
19/03/87,15.00
20/03/87,13.00
21/03/87,11.30
22/03/87,13.00
23/03/87,13.30
24/03/87,11.00
25/03/87,10.30
26/03/87,13.00
27/03/87,12.30
28/03/87,15.60
29/03/87,10.20
30/03/87,10.80
31/03/87,12.00
01/04/87,13.30
02/04/87,11.70
03/04/87,12.50
04/04/87,13.70
05/04/87,14.90
06/04/87,20.20
07/04/87,16.30
08/04/87,13.90
09/04/87,10.10
10/04/87,7.30
11/04/87,14.00
12/04/87,17.70
13/04/87,16.30
14/04/87,10.60
15/04/87,9.70
16/04/87,7.80
17/04/87,10.40
18/04/87,10.40
19/04/87,14.10
20/04/87,7.10
21/04/87,8.10
22/04/87,7.80
23/04/87,10.60
24/04/87,9.10
25/04/87,9.00
26/04/87,11.90
27/04/87,17.10
28/04/87,16.80
29/04/87,13.50
30/04/87,11.60
01/05/87,7.00
02/05/87,9.70
03/05/87,9.90
04/05/87,11.20
05/05/87,11.30
06/05/87,11.80
07/05/87,9.90
08/05/87,7.10
09/05/87,9.60
10/05/87,9.80
11/05/87,10.60
12/05/87,12.80
13/05/87,16.50
14/05/87,11.70
15/05/87,12.30
16/05/87,12.20
17/05/87,11.80
18/05/87,10.70
19/05/87,10.20
20/05/87,10.00
21/05/87,8.30
22/05/87,6.60
23/05/87,9.50
24/05/87,12.30
25/05/87,7.60
26/05/87,9.30
27/05/87,5.00
28/05/87,4.30
29/05/87,6.40
30/05/87,10.80
31/05/87,7.80
01/06/87,8.50
02/06/87,9.70
03/06/87,10.00
04/06/87,11.00
05/06/87,10.20
06/06/87,6.60
07/06/87,6.10
08/06/87,5.90
09/06/87,8.90
10/06/87,13.00
11/06/87,12.60
12/06/87,5.40
13/06/87,6.00
14/06/87,7.80
15/06/87,9.00
16/06/87,4.20
17/06/87,3.00
18/06/87,4.50
19/06/87,6.20
20/06/87,11.90
21/06/87,11.80
22/06/87,9.40
23/06/87,9.60
24/06/87,9.40
25/06/87,7.00
26/06/87,8.90
27/06/87,9.30
28/06/87,6.80
29/06/87,7.50
30/06/87,8.00
01/07/87,8.30
02/07/87,2.70
03/07/87,3.90
04/07/87,4.10
05/07/87,5.00
06/07/87,5.80
07/07/87,4.40
08/07/87,4.10
09/07/87,5.80
10/07/87,9.10
11/07/87,7.90
12/07/87,5.00
13/07/87,2.80
14/07/87,4.70
15/07/87,8.90
16/07/87,5.40
17/07/87,7.10
18/07/87,9.00
19/07/87,9.40
20/07/87,6.30
21/07/87,7.00
22/07/87,6.40
23/07/87,6.70
24/07/87,1.50
25/07/87,2.90
26/07/87,4.80
27/07/87,6.30
28/07/87,5.70
29/07/87,7.00
30/07/87,8.80
31/07/87,8.70
01/08/87,9.00
02/08/87,9.60
03/08/87,8.00
04/08/87,8.40
05/08/87,8.10
06/08/87,9.00
07/08/87,5.30
08/08/87,8.90
09/08/87,8.70
10/08/87,4.90
11/08/87,7.00
12/08/87,7.50
13/08/87,7.00
14/08/87,9.10
15/08/87,11.80
16/08/87,9.90
17/08/87,5.60
18/08/87,4.20
19/08/87,4.30
20/08/87,8.00
21/08/87,5.10
22/08/87,9.40
23/08/87,9.10
24/08/87,9.70
25/08/87,10.60
26/08/87,8.60
27/08/87,10.10
28/08/87,11.00
29/08/87,9.70
30/08/87,5.00
31/08/87,6.10
01/09/87,5.40
02/09/87,5.80
03/09/87,7.30
04/09/87,6.30
05/09/87,4.80
06/09/87,7.60
07/09/87,8.10
08/09/87,9.50
09/09/87,10.30
10/09/87,7.00
11/09/87,9.00
12/09/87,10.20
13/09/87,6.80
14/09/87,9.30
15/09/87,9.80
16/09/87,10.70
17/09/87,7.80
18/09/87,9.20
19/09/87,15.00
20/09/87,7.80
21/09/87,5.30
22/09/87,9.50
23/09/87,7.60
24/09/87,14.00
25/09/87,14.90
26/09/87,14.90
27/09/87,19.20
28/09/87,17.00
29/09/87,13.00
30/09/87,11.20
01/10/87,9.50
02/10/87,10.30
03/10/87,9.30
04/10/87,11.30
05/10/87,6.50
06/10/87,12.00
07/10/87,8.30
08/10/87,8.70
09/10/87,8.70
10/10/87,10.20
11/10/87,6.90
12/10/87,4.90
13/10/87,10.00
14/10/87,7.60
15/10/87,14.50
16/10/87,13.20
17/10/87,9.90
18/10/87,10.10
19/10/87,11.30
20/10/87,10.40
21/10/87,10.90
22/10/87,9.20
23/10/87,10.50
24/10/87,11.40
25/10/87,13.50
26/10/87,9.80
27/10/87,13.10
28/10/87,9.70
29/10/87,11.40
30/10/87,9.90
31/10/87,14.40
01/11/87,19.00
02/11/87,23.00
03/11/87,15.40
04/11/87,9.60
05/11/87,10.80
06/11/87,12.10
07/11/87,11.00
08/11/87,12.60
09/11/87,14.70
10/11/87,11.10
11/11/87,10.10
12/11/87,11.40
13/11/87,13.00
14/11/87,11.90
15/11/87,9.50
16/11/87,13.50
17/11/87,15.20
18/11/87,18.40
19/11/87,24.10
20/11/87,14.10
21/11/87,10.70
22/11/87,8.70
23/11/87,13.30
24/11/87,11.60
25/11/87,9.90
26/11/87,10.80
27/11/87,11.50
28/11/87,10.00
29/11/87,13.90
30/11/87,13.60
01/12/87,11.90
02/12/87,11.10
03/12/87,8.20
04/12/87,9.40
05/12/87,12.70
06/12/87,11.60
07/12/87,11.00
08/12/87,11.30
09/12/87,13.40
10/12/87,14.90
11/12/87,15.20
12/12/87,13.90
13/12/87,15.00
14/12/87,16.20
15/12/87,17.70
16/12/87,20.50
17/12/87,14.70
18/12/87,12.50
19/12/87,10.90
20/12/87,12.80
21/12/87,12.70
22/12/87,11.20
23/12/87,11.40
24/12/87,11.20
25/12/87,12.10
26/12/87,12.70
27/12/87,16.20
28/12/87,14.20
29/12/87,14.30
30/12/87,13.30
31/12/87,16.70
01/01/88,15.30
02/01/88,14.30
03/01/88,13.50
04/01/88,15.00
05/01/88,13.60
06/01/88,15.20
07/01/88,17.00
08/01/88,18.70
09/01/88,16.50
10/01/88,17.40
11/01/88,18.30
12/01/88,18.30
13/01/88,22.40
14/01/88,21.40
15/01/88,20.90
16/01/88,17.60
17/01/88,15.50
18/01/88,16.60
19/01/88,16.20
20/01/88,15.60
21/01/88,14.50
22/01/88,14.00
23/01/88,15.60
24/01/88,12.30
25/01/88,11.60
26/01/88,12.60
27/01/88,14.90
28/01/88,17.30
29/01/88,21.40
30/01/88,23.40
31/01/88,14.40
01/02/88,14.10
02/02/88,15.00
03/02/88,14.50
04/02/88,15.10
05/02/88,13.90
06/02/88,13.40
07/02/88,9.20
08/02/88,12.50
09/02/88,15.10
10/02/88,12.10
11/02/88,14.50
12/02/88,16.30
13/02/88,16.50
14/02/88,14.90
15/02/88,13.20
16/02/88,11.80
17/02/88,13.60
18/02/88,16.20
19/02/88,14.10
20/02/88,13.50
21/02/88,15.00
22/02/88,14.80
23/02/88,16.20
24/02/88,16.20
25/02/88,13.30
26/02/88,15.30
27/02/88,18.40
28/02/88,16.20
29/02/88,16.30
01/03/88,12.40
02/03/88,15.60
03/03/88,14.90
04/03/88,14.80
05/03/88,12.70
06/03/88,14.20
07/03/88,16.80
08/03/88,16.70
09/03/88,16.20
10/03/88,14.50
11/03/88,10.00
12/03/88,12.60
13/03/88,11.90
14/03/88,11.80
15/03/88,13.40
16/03/88,14.50
17/03/88,15.70
18/03/88,15.30
19/03/88,13.90
20/03/88,13.70
21/03/88,15.10
22/03/88,15.60
23/03/88,14.40
24/03/88,13.90
25/03/88,16.20
26/03/88,16.70
27/03/88,15.50
28/03/88,16.40
29/03/88,17.50
30/03/88,18.20
31/03/88,16.10
01/04/88,16.50
02/04/88,14.60
03/04/88,16.40
04/04/88,13.60
05/04/88,15.90
06/04/88,11.90
07/04/88,14.70
08/04/88,9.40
09/04/88,6.60
10/04/88,7.90
11/04/88,11.00
12/04/88,15.70
13/04/88,15.20
14/04/88,15.90
15/04/88,10.60
16/04/88,8.30
17/04/88,8.60
18/04/88,12.70
19/04/88,10.50
20/04/88,12.00
21/04/88,11.10
22/04/88,13.00
23/04/88,12.40
24/04/88,13.30
25/04/88,15.90
26/04/88,12.00
27/04/88,13.70
28/04/88,17.60
29/04/88,14.30
30/04/88,13.70
01/05/88,15.20
02/05/88,14.50
03/05/88,14.90
04/05/88,15.50
05/05/88,16.40
06/05/88,14.50
07/05/88,12.60
08/05/88,13.60
09/05/88,11.20
10/05/88,11.00
11/05/88,12.00
12/05/88,6.80
13/05/88,10.60
14/05/88,13.10
15/05/88,13.50
16/05/88,11.70
17/05/88,13.20
18/05/88,12.00
19/05/88,10.40
20/05/88,10.00
21/05/88,8.20
22/05/88,9.40
23/05/88,10.30
24/05/88,8.10
25/05/88,8.70
26/05/88,12.60
27/05/88,10.90
28/05/88,8.70
29/05/88,9.30
30/05/88,6.30
31/05/88,7.80
01/06/88,10.00
02/06/88,11.00
03/06/88,11.10
04/06/88,12.60
05/06/88,10.20
06/06/88,11.10
07/06/88,8.70
08/06/88,9.50
09/06/88,9.70
10/06/88,8.20
11/06/88,5.00
12/06/88,6.50
13/06/88,12.10
14/06/88,8.90
15/06/88,6.10
16/06/88,2.80
17/06/88,3.70
18/06/88,6.80
19/06/88,6.60
20/06/88,7.00
21/06/88,7.30
22/06/88,7.90
23/06/88,10.60
24/06/88,8.10
25/06/88,6.70
26/06/88,8.00
27/06/88,10.00
28/06/88,6.70
29/06/88,9.40
30/06/88,9.30
01/07/88,6.00
02/07/88,5.80
03/07/88,4.90
04/07/88,5.00
05/07/88,8.40
06/07/88,12.30
07/07/88,13.00
08/07/88,11.40
09/07/88,6.80
10/07/88,7.60
11/07/88,12.40
12/07/88,7.10
13/07/88,7.50
14/07/88,10.00
15/07/88,5.30
16/07/88,6.30
17/07/88,8.00
18/07/88,8.30
19/07/88,9.30
20/07/88,9.50
21/07/88,5.60
22/07/88,7.00
23/07/88,8.50
24/07/88,8.50
25/07/88,8.20
26/07/88,8.50
27/07/88,9.60
28/07/88,9.70
29/07/88,7.10
30/07/88,8.40
31/07/88,9.20
01/08/88,9.80
02/08/88,8.10
03/08/88,9.40
04/08/88,10.00
05/08/88,5.10
06/08/88,6.70
07/08/88,6.90
08/08/88,6.80
09/08/88,8.60
10/08/88,9.10
11/08/88,3.90
12/08/88,4.80
13/08/88,8.40
14/08/88,11.60
15/08/88,12.10
16/08/88,12.40
17/08/88,10.00
18/08/88,10.10
19/08/88,9.70
20/08/88,11.70
21/08/88,7.90
22/08/88,8.60
23/08/88,7.70
24/08/88,5.80
25/08/88,8.70
26/08/88,10.60
27/08/88,6.70
28/08/88,8.80
29/08/88,9.70
30/08/88,9.00
31/08/88,11.80
01/09/88,15.20
02/09/88,10.00
03/09/88,10.50
04/09/88,5.50
05/09/88,9.40
06/09/88,8.80
07/09/88,5.30
08/09/88,13.00
09/09/88,15.20
10/09/88,13.20
11/09/88,11.50
12/09/88,6.80
13/09/88,4.70
14/09/88,5.20
15/09/88,6.80
16/09/88,10.70
17/09/88,10.10
18/09/88,10.00
19/09/88,9.80
20/09/88,5.50
21/09/88,13.50
22/09/88,16.60
23/09/88,8.40
24/09/88,8.20
25/09/88,11.10
26/09/88,10.80
27/09/88,8.80
28/09/88,10.80
29/09/88,8.70
30/09/88,12.40
01/10/88,9.00
02/10/88,13.50
03/10/88,14.70
04/10/88,10.90
05/10/88,8.50
06/10/88,6.00
07/10/88,12.70
08/10/88,11.10
09/10/88,8.70
10/10/88,12.30
11/10/88,13.30
12/10/88,5.60
13/10/88,13.70
14/10/88,8.50
15/10/88,11.20
16/10/88,8.70
17/10/88,11.70
18/10/88,12.50
19/10/88,8.20
20/10/88,15.60
21/10/88,10.30
22/10/88,11.40
23/10/88,9.70
24/10/88,6.30
25/10/88,14.30
26/10/88,11.30
27/10/88,7.30
28/10/88,12.80
29/10/88,11.90
30/10/88,14.30
31/10/88,11.60
01/11/88,13.20
02/11/88,15.50
03/11/88,14.10
04/11/88,9.50
05/11/88,7.20
06/11/88,11.80
07/11/88,16.80
08/11/88,12.50
09/11/88,9.40
10/11/88,11.90
11/11/88,10.30
12/11/88,16.90
13/11/88,17.50
14/11/88,7.50
15/11/88,8.60
16/11/88,11.10
17/11/88,11.50
18/11/88,10.70
19/11/88,15.70
20/11/88,12.80
21/11/88,13.00
22/11/88,12.90
23/11/88,14.30
24/11/88,13.70
25/11/88,12.10
26/11/88,11.90
27/11/88,11.80
28/11/88,11.40
29/11/88,10.30
30/11/88,11.70
01/12/88,12.00
02/12/88,17.40
03/12/88,16.80
04/12/88,16.20
05/12/88,13.00
06/12/88,12.50
07/12/88,12.40
08/12/88,16.10
09/12/88,20.20
10/12/88,14.30
11/12/88,11.00
12/12/88,14.40
13/12/88,15.70
14/12/88,19.70
15/12/88,20.70
16/12/88,23.90
17/12/88,16.60
18/12/88,17.50
19/12/88,14.90
20/12/88,13.60
21/12/88,11.90
22/12/88,15.20
23/12/88,17.30
24/12/88,19.80
25/12/88,15.80
26/12/88,9.50
27/12/88,12.90
28/12/88,12.90
29/12/88,14.80
30/12/88,14.10
01/01/89,14.30
02/01/89,17.40
03/01/89,18.50
04/01/89,16.80
05/01/89,11.50
06/01/89,9.50
07/01/89,12.20
08/01/89,15.70
09/01/89,16.30
10/01/89,13.60
11/01/89,12.60
12/01/89,13.80
13/01/89,12.10
14/01/89,13.40
15/01/89,17.30
16/01/89,19.40
17/01/89,16.60
18/01/89,13.90
19/01/89,13.10
20/01/89,16.00
21/01/89,14.50
22/01/89,15.00
23/01/89,12.60
24/01/89,12.50
25/01/89,15.20
26/01/89,16.20
27/01/89,16.50
28/01/89,20.10
29/01/89,20.60
30/01/89,16.90
31/01/89,16.50
01/02/89,16.10
02/02/89,14.40
03/02/89,16.30
04/02/89,15.70
05/02/89,14.20
06/02/89,13.20
07/02/89,16.80
08/02/89,18.50
09/02/89,16.70
10/02/89,15.30
11/02/89,15.90
12/02/89,15.20
13/02/89,17.50
14/02/89,18.30
15/02/89,19.40
16/02/89,19.40
17/02/89,19.50
18/02/89,20.50
19/02/89,15.70
20/02/89,15.00
21/02/89,16.10
22/02/89,14.30
23/02/89,13.00
24/02/89,16.20
25/02/89,17.70
26/02/89,13.20
27/02/89,15.80
28/02/89,18.50
01/03/89,20.40
02/03/89,22.00
03/03/89,19.70
04/03/89,19.60
05/03/89,20.30
06/03/89,18.30
07/03/89,18.90
08/03/89,20.30
09/03/89,21.40
10/03/89,18.30
11/03/89,17.80
12/03/89,17.70
13/03/89,12.80
14/03/89,15.10
15/03/89,15.00
16/03/89,14.80
17/03/89,12.00
18/03/89,12.50
19/03/89,15.00
20/03/89,17.10
21/03/89,17.30
22/03/89,16.90
23/03/89,16.50
24/03/89,13.60
25/03/89,13.20
26/03/89,9.40
27/03/89,9.50
28/03/89,11.80
29/03/89,10.40
30/03/89,9.70
31/03/89,12.60
01/04/89,13.30
02/04/89,15.10
03/04/89,14.20
04/04/89,14.20
05/04/89,19.20
06/04/89,12.60
07/04/89,14.20
08/04/89,11.90
09/04/89,13.90
10/04/89,13.50
11/04/89,15.30
12/04/89,13.90
13/04/89,14.00
14/04/89,12.90
15/04/89,8.50
16/04/89,11.40
17/04/89,10.90
18/04/89,12.00
19/04/89,8.60
20/04/89,9.00
21/04/89,9.60
22/04/89,10.20
23/04/89,9.80
24/04/89,8.30
25/04/89,11.00
26/04/89,11.90
27/04/89,14.00
28/04/89,15.80
29/04/89,14.50
30/04/89,13.20
01/05/89,14.20
02/05/89,14.60
03/05/89,11.80
04/05/89,14.40
05/05/89,10.40
06/05/89,10.30
07/05/89,10.80
08/05/89,10.50
09/05/89,9.50
10/05/89,12.50
11/05/89,13.70
12/05/89,12.70
13/05/89,11.90
14/05/89,11.40
15/05/89,9.70
16/05/89,8.30
17/05/89,8.10
18/05/89,11.70
19/05/89,11.60
20/05/89,7.40
21/05/89,5.20
22/05/89,11.00
23/05/89,9.50
24/05/89,9.20
25/05/89,10.70
26/05/89,9.00
27/05/89,10.20
28/05/89,10.30
29/05/89,12.10
30/05/89,13.20
31/05/89,6.60
01/06/89,2.30
02/06/89,1.40
03/06/89,2.10
04/06/89,6.60
05/06/89,8.90
06/06/89,7.80
07/06/89,9.00
08/06/89,10.30
09/06/89,7.90
10/06/89,7.20
11/06/89,8.60
12/06/89,8.80
13/06/89,6.20
14/06/89,9.50
15/06/89,10.20
16/06/89,9.70
17/06/89,11.20
18/06/89,10.20
19/06/89,10.10
20/06/89,8.10
21/06/89,6.60
22/06/89,5.00
23/06/89,4.70
24/06/89,5.30
25/06/89,4.50
26/06/89,2.30
27/06/89,1.40
28/06/89,0.50
29/06/89,2.40
30/06/89,8.00
01/07/89,6.00
02/07/89,7.10
03/07/89,9.70
04/07/89,6.90
05/07/89,5.30
06/07/89,7.00
07/07/89,6.20
08/07/89,7.00
09/07/89,9.70
10/07/89,8.00
11/07/89,8.50
12/07/89,7.10
13/07/89,7.50
14/07/89,3.30
15/07/89,1.80
16/07/89,2.60
17/07/89,5.30
18/07/89,5.80
19/07/89,5.80
20/07/89,7.20
21/07/89,5.30
22/07/89,1.60
23/07/89,3.10
24/07/89,5.30
25/07/89,7.70
26/07/89,4.20
27/07/89,5.50
28/07/89,9.00
29/07/89,11.20
30/07/89,8.00
31/07/89,7.60
01/08/89,3.70
02/08/89,7.50
03/08/89,8.10
04/08/89,8.40
05/08/89,7.10
06/08/89,7.60
07/08/89,7.60
08/08/89,5.60
09/08/89,7.00
10/08/89,10.50
11/08/89,7.30
12/08/89,7.80
13/08/89,5.80
14/08/89,3.80
15/08/89,5.80
16/08/89,6.70
17/08/89,6.60
18/08/89,6.60
19/08/89,9.00
20/08/89,8.10
21/08/89,5.10
22/08/89,8.60
23/08/89,7.00
24/08/89,5.50
25/08/89,7.40
26/08/89,6.20
27/08/89,4.20
28/08/89,6.30
29/08/89,7.00
30/08/89,4.00
31/08/89,8.00
01/09/89,8.80
02/09/89,8.80
03/09/89,6.10
04/09/89,8.60
05/09/89,8.90
06/09/89,7.80
07/09/89,5.00
08/09/89,7.00
09/09/89,13.30
10/09/89,7.90
11/09/89,7.50
12/09/89,8.30
13/09/89,7.20
14/09/89,6.50
15/09/89,8.90
16/09/89,7.40
17/09/89,9.90
18/09/89,9.30
19/09/89,10.60
20/09/89,8.60
21/09/89,7.20
22/09/89,12.60
23/09/89,7.80
24/09/89,6.30
25/09/89,9.20
26/09/89,5.80
27/09/89,9.00
28/09/89,5.00
29/09/89,11.90
30/09/89,13.40
01/10/89,10.50
02/10/89,6.20
03/10/89,5.10
04/10/89,9.50
05/10/89,11.70
06/10/89,9.20
07/10/89,7.30
08/10/89,9.70
09/10/89,9.40
10/10/89,10.00
11/10/89,10.90
12/10/89,11.00
13/10/89,10.90
14/10/89,8.00
15/10/89,11.20
16/10/89,7.50
17/10/89,7.20
18/10/89,13.20
19/10/89,12.90
20/10/89,9.40
21/10/89,10.20
22/10/89,9.50
23/10/89,12.40
24/10/89,10.20
25/10/89,13.40
26/10/89,11.60
27/10/89,8.00
28/10/89,9.00
29/10/89,9.30
30/10/89,13.50
31/10/89,8.00
01/11/89,8.10
02/11/89,10.00
03/11/89,8.50
04/11/89,12.50
05/11/89,15.00
06/11/89,13.30
07/11/89,11.00
08/11/89,11.90
09/11/89,8.30
10/11/89,9.70
11/11/89,11.30
12/11/89,12.50
13/11/89,9.40
14/11/89,11.40
15/11/89,13.20
16/11/89,13.80
17/11/89,16.00
18/11/89,10.90
19/11/89,11.90
20/11/89,12.40
21/11/89,13.20
22/11/89,15.50
23/11/89,21.60
24/11/89,14.90
25/11/89,14.40
26/11/89,12.90
27/11/89,13.10
28/11/89,14.00
29/11/89,17.90
30/11/89,17.70
01/12/89,16.30
02/12/89,18.30
03/12/89,13.70
04/12/89,13.30
05/12/89,10.60
06/12/89,14.10
07/12/89,16.00
08/12/89,16.50
09/12/89,14.10
10/12/89,18.70
11/12/89,16.20
12/12/89,14.80
13/12/89,12.60
14/12/89,10.40
15/12/89,12.20
16/12/89,12.60
17/12/89,12.10
18/12/89,17.30
19/12/89,16.40
20/12/89,12.60
21/12/89,12.30
22/12/89,11.80
23/12/89,12.00
24/12/89,12.70
25/12/89,16.40
26/12/89,16.00
27/12/89,13.30
28/12/89,11.70
29/12/89,10.40
30/12/89,14.40
31/12/89,12.70
01/01/90,14.80
02/01/90,13.30
03/01/90,15.60
04/01/90,14.50
05/01/90,14.30
06/01/90,15.30
07/01/90,16.40
08/01/90,14.80
09/01/90,17.40
10/01/90,18.80
11/01/90,22.10
12/01/90,19.00
13/01/90,15.50
14/01/90,15.80
15/01/90,14.70
16/01/90,10.70
17/01/90,11.50
18/01/90,15.00
19/01/90,14.50
20/01/90,14.50
21/01/90,13.30
22/01/90,14.30
23/01/90,14.30
24/01/90,20.50
25/01/90,15.00
26/01/90,17.10
27/01/90,16.90
28/01/90,16.90
29/01/90,13.60
30/01/90,16.40
31/01/90,16.10
01/02/90,12.00
02/02/90,12.20
03/02/90,14.80
04/02/90,14.80
05/02/90,14.40
06/02/90,12.90
07/02/90,13.40
08/02/90,15.90
09/02/90,16.10
10/02/90,17.60
11/02/90,15.60
12/02/90,15.00
13/02/90,13.00
14/02/90,14.10
15/02/90,17.30
16/02/90,15.70
17/02/90,18.60
18/02/90,12.70
19/02/90,14.00
20/02/90,13.70
21/02/90,16.30
22/02/90,20.00
23/02/90,17.00
24/02/90,15.20
25/02/90,16.50
26/02/90,16.50
27/02/90,17.30
28/02/90,19.10
01/03/90,19.30
02/03/90,17.30
03/03/90,19.00
04/03/90,19.80
05/03/90,19.30
06/03/90,17.20
07/03/90,14.20
08/03/90,10.30
09/03/90,13.00
10/03/90,15.30
11/03/90,15.00
12/03/90,12.10
13/03/90,9.20
14/03/90,11.00
15/03/90,15.00
16/03/90,11.60
17/03/90,11.60
18/03/90,15.10
19/03/90,15.00
20/03/90,13.60
21/03/90,12.50
22/03/90,14.30
23/03/90,16.00
24/03/90,17.40
25/03/90,16.90
26/03/90,18.00
27/03/90,20.60
28/03/90,14.20
29/03/90,10.90
30/03/90,11.90
31/03/90,13.30
01/04/90,15.30
02/04/90,14.70
03/04/90,11.00
04/04/90,12.20
05/04/90,14.20
06/04/90,17.00
07/04/90,15.80
08/04/90,15.20
09/04/90,15.10
10/04/90,14.70
11/04/90,18.50
12/04/90,16.40
13/04/90,18.40
14/04/90,15.10
15/04/90,9.90
16/04/90,10.20
17/04/90,12.60
18/04/90,13.20
19/04/90,11.50
20/04/90,13.80
21/04/90,14.50
22/04/90,14.70
23/04/90,11.20
24/04/90,12.70
25/04/90,13.70
26/04/90,11.50
27/04/90,10.40
28/04/90,8.90
29/04/90,11.10
30/04/90,9.50
01/05/90,13.00
02/05/90,13.90
03/05/90,12.60
04/05/90,14.30
05/05/90,16.00
06/05/90,13.30
07/05/90,7.00
08/05/90,4.90
09/05/90,6.90
10/05/90,13.70
11/05/90,10.60
12/05/90,12.30
13/05/90,11.10
14/05/90,10.20
15/05/90,9.50
16/05/90,8.90
17/05/90,13.40
18/05/90,9.10
19/05/90,9.40
20/05/90,8.70
21/05/90,5.80
22/05/90,4.50
23/05/90,7.20
24/05/90,10.00
25/05/90,10.50
26/05/90,10.70
27/05/90,8.20
28/05/90,6.10
29/05/90,4.50
30/05/90,6.10
31/05/90,9.80
01/06/90,9.70
02/06/90,8.20
03/06/90,8.40
04/06/90,8.50
05/06/90,10.40
06/06/90,6.80
07/06/90,6.00
08/06/90,6.60
09/06/90,7.80
10/06/90,10.30
11/06/90,7.20
12/06/90,7.40
13/06/90,11.40
14/06/90,5.40
15/06/90,4.40
16/06/90,6.40
17/06/90,9.30
18/06/90,7.70
19/06/90,8.10
20/06/90,8.30
21/06/90,9.10
22/06/90,7.70
23/06/90,10.60
24/06/90,8.20
25/06/90,7.90
26/06/90,5.20
27/06/90,5.90
28/06/90,3.70
29/06/90,5.60
30/06/90,9.40
01/07/90,7.40
02/07/90,7.30
03/07/90,7.70
04/07/90,7.70
05/07/90,9.30
06/07/90,4.40
07/07/90,5.70
08/07/90,10.20
09/07/90,10.20
10/07/90,9.30
11/07/90,5.40
12/07/90,5.00
13/07/90,7.60
14/07/90,9.60
15/07/90,10.40
16/07/90,11.20
17/07/90,9.10
18/07/90,11.20
19/07/90,6.80
20/07/90,8.30
21/07/90,9.70
22/07/90,9.60
23/07/90,9.80
24/07/90,10.80
25/07/90,9.20
26/07/90,6.50
27/07/90,8.10
28/07/90,7.30
29/07/90,7.90
30/07/90,6.00
31/07/90,5.00
01/08/90,6.80
02/08/90,9.80
03/08/90,5.70
04/08/90,8.60
05/08/90,10.60
06/08/90,7.80
07/08/90,7.70
08/08/90,8.60
09/08/90,6.50
10/08/90,6.90
11/08/90,6.40
12/08/90,8.50
13/08/90,7.80
14/08/90,9.30
15/08/90,8.40
16/08/90,7.80
17/08/90,7.40
18/08/90,7.70
19/08/90,8.90
20/08/90,9.70
21/08/90,9.90
22/08/90,6.10
23/08/90,6.60
24/08/90,7.60
25/08/90,7.40
26/08/90,8.00
27/08/90,2.10
28/08/90,5.90
29/08/90,11.60
30/08/90,8.60
31/08/90,7.90
01/09/90,6.00
02/09/90,9.50
03/09/90,8.60
04/09/90,7.60
05/09/90,10.40
06/09/90,10.30
07/09/90,7.50
08/09/90,3.00
09/09/90,5.30
10/09/90,10.50
11/09/90,14.60
12/09/90,12.60
13/09/90,9.80
14/09/90,7.20
15/09/90,10.10
16/09/90,10.40
17/09/90,3.70
18/09/90,7.30
19/09/90,11.60
20/09/90,16.30
21/09/90,9.60
22/09/90,6.80
23/09/90,5.20
24/09/90,10.60
25/09/90,16.30
26/09/90,9.80
27/09/90,4.60
28/09/90,11.10
29/09/90,8.70
30/09/90,10.00
01/10/90,11.30
02/10/90,10.50
03/10/90,9.90
04/10/90,11.00
05/10/90,14.00
06/10/90,9.20
07/10/90,9.80
08/10/90,6.00
09/10/90,9.80
10/10/90,9.20
11/10/90,11.80
12/10/90,10.30
13/10/90,7.50
14/10/90,7.70
15/10/90,15.80
16/10/90,14.60
17/10/90,10.50
18/10/90,11.30
19/10/90,10.90
20/10/90,6.40
21/10/90,10.90
22/10/90,9.00
23/10/90,10.90
24/10/90,12.40
25/10/90,11.60
26/10/90,13.30
27/10/90,14.40
28/10/90,18.40
29/10/90,13.60
30/10/90,14.90
31/10/90,14.80
01/11/90,15.40
02/11/90,11.80
03/11/90,13.00
04/11/90,11.10
05/11/90,12.50
06/11/90,18.30
07/11/90,19.20
08/11/90,15.40
09/11/90,13.10
10/11/90,11.50
11/11/90,8.60
12/11/90,12.60
13/11/90,13.80
14/11/90,14.60
15/11/90,13.20
16/11/90,12.30
17/11/90,8.80
18/11/90,10.70
19/11/90,9.90
20/11/90,8.30
21/11/90,15.00
22/11/90,12.20
23/11/90,10.50
24/11/90,11.10
25/11/90,13.00
26/11/90,12.90
27/11/90,8.80
28/11/90,14.70
29/11/90,14.70
30/11/90,12.70
01/12/90,13.30
02/12/90,13.20
03/12/90,16.20
04/12/90,17.30
05/12/90,20.50
06/12/90,20.20
07/12/90,19.40
08/12/90,15.50
09/12/90,14.10
10/12/90,11.00
11/12/90,11.10
12/12/90,14.00
13/12/90,11.40
14/12/90,12.50
15/12/90,13.40
16/12/90,13.60
17/12/90,13.90
18/12/90,17.20
19/12/90,14.70
20/12/90,15.40
21/12/90,13.10
22/12/90,13.20
23/12/90,13.90
24/12/90,10.00
25/12/90,12.90
26/12/90,14.60
27/12/90,14.00
28/12/90,13.60
29/12/90,13.50
30/12/90,15.70
31/12/90,13.00
